district,name,crossings,signals_pct,zebra_pct,unmarked_pct,unknown_kind_pct,sound_yes_pct_of_signals,sound_missing_pct_of_signals,kerb_missing_pct,tactile_missing_pct
1,Innere Stadt,255,43.5,35.3,20.8,0.4,84.7,12.6,63.1,9.8
2,Leopoldstadt,427,46.6,30.7,21.8,0.9,63.8,31.7,79.4,17.8
3,Landstraße,457,44.4,20.6,32.4,2.6,72.9,20.2,83.8,14.4
4,Wieden,148,37.2,32.4,30.4,0.0,85.5,9.1,79.7,4.7
5,Margareten,177,44.1,16.9,37.9,1.1,70.5,24.4,74.6,11.9
6,Mariahilf,101,53.5,28.7,17.8,0.0,75.9,9.3,57.4,5.0
7,Neubau,99,59.6,21.2,19.2,0.0,83.1,6.8,60.6,5.1
8,Josefstadt,83,34.9,44.6,18.1,2.4,79.3,6.9,71.1,7.2
9,Alsergrund,251,39.8,38.2,20.7,1.2,73.0,11.0,75.3,8.0
10,Favoriten,684,42.5,21.9,27.6,7.9,61.9,28.5,86.0,25.6
11,Simmering,398,27.9,37.7,28.4,6.0,58.6,34.2,86.7,41.5
12,Meidling,323,39.9,32.5,23.8,3.7,67.4,13.2,63.8,13.0
13,Hietzing,330,18.2,35.2,26.7,20.0,71.7,11.7,85.2,33.9
14,Penzing,307,31.3,44.0,17.9,6.8,52.1,37.5,75.9,30.9
15,Rudolfsheim-Fünfhaus,188,46.8,29.8,22.3,1.1,73.9,20.5,59.6,9.6
16,Ottakring,207,35.3,19.3,38.6,6.8,68.5,9.6,71.5,14.5
17,Hernals,171,20.5,27.5,42.1,9.9,68.6,11.4,84.8,21.1
18,Währing,217,19.8,25.3,53.0,1.8,69.8,23.3,74.7,41.0
19,Döbling,365,18.6,21.4,39.7,20.3,47.1,19.1,87.9,31.0
20,Brigittenau,262,39.3,34.4,22.9,3.4,52.4,30.1,68.7,17.2
21,Floridsdorf,823,27.7,28.6,34.9,8.9,61.8,32.5,87.6,31.7
22,Donaustadt,1480,20.3,23.6,53.8,2.2,52.2,43.9,95.3,56.0
23,Liesing,583,36.0,31.6,25.4,7.0,62.9,25.2,77.0,23.5
